<?xml version="1.0" encoding="ISO-8859-15"?>
<!--
  generated by Jailer, Mon Dec 15 09:59:54 CET 2008 from wisser@desktop
  
  Extraction Model:  EMPLOYEE where T.NAME='SCOTT' (Demo.csv)
  Database URL:      jdbc:db2://localhost:50001/wisser
  Database User:     scott
  Exported Rows:     16
      DEPARTMENT                     2
      EMPLOYEE                       3
      PROJECT                        2
      PROJECT_PARTICIPATION          2
      ROLE                           2
      SALARYGRADE                    5
-->
<dataset>
  <SALARYGRADE GRADE="1" LOSAL="700" HISAL="1200"/>
  <SALARYGRADE GRADE="2" LOSAL="1201" HISAL="1400"/>
  <SALARYGRADE GRADE="3" LOSAL="1401" HISAL="2000"/>
  <SALARYGRADE GRADE="4" LOSAL="2001" HISAL="3000"/>
  <SALARYGRADE GRADE="5" LOSAL="3001" HISAL="9999"/>

  <ROLE ROLE_ID="100" DESCRIPTION="Developer"/>
  <ROLE ROLE_ID="102" DESCRIPTION="Project manager"/>

  <PROJECT PROJECTNO="1001" DESCRIPTION="Development of Novel Magnetic Suspension System" START_DATE="2006-01-01" END_DATE="2007-08-13"/>
  <PROJECT PROJECTNO="1003" DESCRIPTION="Foundation of Quantum Technology" START_DATE="2007-02-24" END_DATE="2008-07-31"/>

  <DEPARTMENT DEPTNO="20" NAME="RESEARCH" LOCATION="DALLAS"/>
  <DEPARTMENT DEPTNO="10" NAME="ACCOUNTING" LOCATION="NEW YORK"/>

  <EMPLOYEE EMPNO="7839" NAME="KING" JOB="PRESIDENT" HIREDATE="1981-11-17" SALARY="5000.00" DEPTNO="10"/>

  <EMPLOYEE EMPNO="7566" NAME="JONES" JOB="MANAGER" BOSS="7839" HIREDATE="1981-04-02" SALARY="2975.00" DEPTNO="20"/>

  <EMPLOYEE EMPNO="7788" NAME="SCOTT" JOB="ANALYST" BOSS="7566" HIREDATE="1982-12-09" SALARY="3000.00" DEPTNO="20"/>

  <PROJECT_PARTICIPATION PROJECTNO="1001" EMPNO="7788" START_DATE="2006-05-15" END_DATE="2006-11-01" ROLE_ID="100"/>
  <PROJECT_PARTICIPATION PROJECTNO="1003" EMPNO="7566" START_DATE="2007-02-24" END_DATE="2008-07-31" ROLE_ID="102"/>

  
</dataset>
